Volume,TipoDado,Algoritmo,TempoMedioSegundos,TempoMinimoSegundos,TempoMaximoSegundos,DesvioPadrao,OrdenadoCorretamenteEmTodas_5Execucoes
1000,Aleatorio,Heap Sort,0.000200,0.000000,0.001000,0.000447,SIM
1000,Aleatorio,Merge Sort,0.000400,0.000000,0.001000,0.000548,SIM
1000,Aleatorio,Selection Sort,0.001800,0.001000,0.002000,0.000447,SIM
1000,Ordenado,Heap Sort,0.000200,0.000000,0.001000,0.000447,SIM
1000,Ordenado,Merge Sort,0.000200,0.000000,0.001000,0.000447,SIM
1000,Ordenado,Selection Sort,0.002000,0.002000,0.002000,0.000000,SIM
1000,Semi-ordenado,Heap Sort,0.000200,0.000000,0.001000,0.000447,SIM
1000,Semi-ordenado,Merge Sort,0.000400,0.000000,0.001000,0.000548,SIM
1000,Semi-ordenado,Selection Sort,0.001600,0.001000,0.002000,0.000548,SIM
10000,Aleatorio,Heap Sort,0.002800,0.002000,0.003000,0.000447,SIM
10000,Aleatorio,Merge Sort,0.004200,0.003000,0.005000,0.000837,SIM
10000,Aleatorio,Selection Sort,0.140600,0.133000,0.151000,0.007893,SIM
10000,Ordenado,Heap Sort,0.002800,0.002000,0.003000,0.000447,SIM
10000,Ordenado,Merge Sort,0.001800,0.001000,0.002000,0.000447,SIM
10000,Ordenado,Selection Sort,0.134800,0.129000,0.148000,0.007791,SIM
10000,Semi-ordenado,Heap Sort,0.003000,0.002000,0.004000,0.000707,SIM
10000,Semi-ordenado,Merge Sort,0.003600,0.003000,0.005000,0.000894,SIM
10000,Semi-ordenado,Selection Sort,0.132400,0.128000,0.139000,0.004159,SIM
50000,Aleatorio,Heap Sort,0.014600,0.012000,0.016000,0.001673,SIM
50000,Aleatorio,Merge Sort,0.017600,0.015000,0.020000,0.002074,SIM
50000,Aleatorio,Selection Sort,3.531800,3.321000,3.892000,0.223153,SIM
50000,Ordenado,Heap Sort,0.010200,0.008000,0.012000,0.001483,SIM
50000,Ordenado,Merge Sort,0.014800,0.014000,0.016000,0.000837,SIM
50000,Ordenado,Selection Sort,3.496800,3.410000,3.591000,0.079823,SIM
50000,Semi-ordenado,Heap Sort,0.012400,0.010000,0.017000,0.002702,SIM
50000,Semi-ordenado,Merge Sort,0.016200,0.015000,0.018000,0.001304,SIM
50000,Semi-ordenado,Selection Sort,3.488800,3.421000,3.533000,0.049348,SIM
100000,Aleatorio,Heap Sort,0.033600,0.027000,0.046000,0.008204,SIM
100000,Aleatorio,Merge Sort,0.041600,0.038000,0.047000,0.003507,SIM
100000,Aleatorio,Selection Sort,14.252600,13.287000,15.774000,0.923563,SIM
100000,Ordenado,Heap Sort,0.022800,0.020000,0.028000,0.003114,SIM
100000,Ordenado,Merge Sort,0.030200,0.027000,0.032000,0.002168,SIM
100000,Ordenado,Selection Sort,16.414800,15.095000,18.285000,1.354309,SIM
100000,Semi-ordenado,Heap Sort,0.025400,0.019000,0.037000,0.007829,SIM
100000,Semi-ordenado,Merge Sort,0.032200,0.027000,0.038000,0.004147,SIM
100000,Semi-ordenado,Selection Sort,13.704000,13.313000,14.455000,0.445826,SIM
1000,Externo,Heap Sort,0.000200,0.000000,0.001000,0.000447,SIM
1000,Externo,Merge Sort,0.000600,0.000000,0.001000,0.000548,SIM
1000,Externo,Selection Sort,0.002000,0.001000,0.003000,0.000707,SIM
10000,Externo,Heap Sort,0.002400,0.002000,0.003000,0.000548,SIM
10000,Externo,Merge Sort,0.003800,0.002000,0.006000,0.001643,SIM
10000,Externo,Selection Sort,0.132200,0.124000,0.142000,0.006458,SIM
50000,Externo,Heap Sort,0.013400,0.013000,0.014000,0.000548,SIM
50000,Externo,Merge Sort,0.020000,0.018000,0.024000,0.002449,SIM
50000,Externo,Selection Sort,3.363000,3.299000,3.448000,0.072080,SIM
100000,Externo,Heap Sort,0.030200,0.027000,0.033000,0.002387,SIM
100000,Externo,Merge Sort,0.036400,0.033000,0.040000,0.002702,SIM
100000,Externo,Selection Sort,13.330000,13.226000,13.514000,0.111998,SIM
